-- ============================================
-- Тестовые данные для базы данных отдела кадров
-- ============================================

-- ============================================
-- Справочник специальностей (минимум 3 записи)
-- ============================================
INSERT INTO Specialties (specialty_code, specialty_name) VALUES
('09.03.01', 'Информатика и вычислительная техника'),
('38.03.01', 'Экономика'),
('40.03.01', 'Юриспруденция'),
('09.03.03', 'Прикладная информатика'),
('38.03.02', 'Менеджмент');

-- ============================================
-- Справочник должностей (минимум 4 записи)
-- ============================================
INSERT INTO Positions (position_code, position_name, salary) VALUES
('DIR', 'Директор', 150000.00),
('MGR', 'Менеджер', 80000.00),
('DEV', 'Разработчик', 95000.00),
('ACC', 'Бухгалтер', 70000.00),
('HR', 'Специалист по кадрам', 65000.00),
('LAW', 'Юрист', 75000.00);

-- ============================================
-- Сотрудники (минимум 5 записей)
-- ============================================
INSERT INTO Employees (full_name, passport_number, birth_date, home_address, home_phone, position_code) VALUES
('Иванов Иван Иванович', '4512 123456', '1985-03-15', 'г. Москва, ул. Ленина, д. 10, кв. 5', '+7-495-123-45-67', 'DIR'),
('Петрова Мария Сергеевна', '4513 234567', '1990-07-22', 'г. Москва, ул. Пушкина, д. 20, кв. 12', '+7-495-234-56-78', 'MGR'),
('Сидоров Петр Алексеевич', '4514 345678', '1988-11-30', 'г. Москва, ул. Гоголя, д. 15, кв. 8', '+7-495-345-67-89', 'DEV'),
('Козлова Анна Дмитриевна', '4515 456789', '1992-05-18', 'г. Москва, ул. Чехова, д. 25, кв. 3', '+7-495-456-78-90', 'ACC'),
('Смирнов Алексей Викторович', '4516 567890', '1987-09-10', 'г. Москва, ул. Толстого, д. 30, кв. 15', '+7-495-567-89-01', 'DEV'),
('Новикова Елена Павловна', '4517 678901', '1995-02-28', 'г. Москва, ул. Достоевского, д. 5, кв. 7', '+7-495-678-90-12', 'HR');

-- ============================================
-- Образование (для каждого сотрудника)
-- ============================================
INSERT INTO Education (employee_id, education_level, diploma_number, specialty_code, qualification) VALUES
(1, 'Высшее', 'ВСГ 1234567', '38.03.02', 'Менеджер'),
(2, 'Высшее', 'ВСГ 2345678', '38.03.01', 'Экономист'),
(3, 'Высшее', 'ВСГ 3456789', '09.03.01', 'Инженер-программист'),
(3, 'Магистратура', 'ВМА 1111111', '09.03.03', 'Магистр прикладной информатики'),
(4, 'Высшее', 'ВСГ 4567890', '38.03.01', 'Экономист-бухгалтер'),
(5, 'Высшее', 'ВСГ 5678901', '09.03.01', 'Инженер-программист'),
(6, 'Высшее', 'ВСГ 6789012', '38.03.02', 'Менеджер по персоналу');

-- ============================================
-- Повышение квалификации (минимум 3 записи)
-- ============================================
INSERT INTO Qualification_Training (employee_id, training_date, qualification_awarded, certificate_number) VALUES
(1, '2023-06-15', 'Управление проектами', 'ПК-2023-001'),
(2, '2023-09-20', 'Финансовый анализ', 'ПК-2023-002'),
(3, '2024-01-10', 'Современные технологии разработки ПО', 'ПК-2024-001'),
(5, '2024-03-15', 'Архитектура микросервисов', 'ПК-2024-002');

-- ============================================
-- Поощрения (минимум 3 записи)
-- ============================================
INSERT INTO Rewards (employee_id, reward_date, reward_type) VALUES
(1, '2023-12-25', 'Премия за выполнение годового плана'),
(3, '2024-03-08', 'Благодарность за успешную реализацию проекта'),
(2, '2024-05-01', 'Премия ко Дню труда'),
(5, '2024-06-15', 'Благодарность за наставничество');

-- ============================================
-- Взыскания (минимум 2 записи)
-- ============================================
INSERT INTO Penalties (employee_id, penalty_date, penalty_type) VALUES
(4, '2024-02-10', 'Замечание за опоздание'),
(6, '2024-04-20', 'Выговор за нарушение трудовой дисциплины');
